ANGLEInstancedArrays	https://developer.apple.com/documentation/webkitjs/angleinstancedarrays
AbstractWorker	https://developer.apple.com/documentation/webkitjs/abstractworker
AnalyserNode	https://developer.apple.com/documentation/webkitjs/analysernode
AnimationEvent	https://developer.apple.com/documentation/webkitjs/animationevent
Attr	https://developer.apple.com/documentation/webkitjs/attr
AudioBuffer	https://developer.apple.com/documentation/webkitjs/audiobuffer
AudioBufferSourceNode	https://developer.apple.com/documentation/webkitjs/audiobuffersourcenode
AudioContext	https://developer.apple.com/documentation/webkitjs/audiocontext
AudioDestinationNode	https://developer.apple.com/documentation/webkitjs/audiodestinationnode
AudioListener	https://developer.apple.com/documentation/webkitjs/audiolistener
AudioNode	https://developer.apple.com/documentation/webkitjs/audionode
AudioParam	https://developer.apple.com/documentation/webkitjs/audioparam
AudioProcessingEvent	https://developer.apple.com/documentation/webkitjs/audioprocessingevent
AudioTrack	https://developer.apple.com/documentation/webkitjs/audiotrack
AudioTrackList	https://developer.apple.com/documentation/webkitjs/audiotracklist
BarProp	https://developer.apple.com/documentation/webkitjs/barprop
BeforeLoadEvent	https://developer.apple.com/documentation/webkitjs/beforeloadevent
BeforeUnloadEvent	https://developer.apple.com/documentation/webkitjs/beforeunloadevent
BiquadFilterNode	https://developer.apple.com/documentation/webkitjs/biquadfilternode
Blob	https://developer.apple.com/documentation/webkitjs/blob
ByteLengthQueuingStrategy	https://developer.apple.com/documentation/webkitjs/bytelengthqueuingstrategy
CDATASection	https://developer.apple.com/documentation/webkitjs/cdatasection
CSSFontFaceRule	https://developer.apple.com/documentation/webkitjs/cssfontfacerule
CSSImportRule	https://developer.apple.com/documentation/webkitjs/cssimportrule
CSSKeyframeRule	https://developer.apple.com/documentation/webkitjs/csskeyframerule
CSSKeyframesRule	https://developer.apple.com/documentation/webkitjs/csskeyframesrule
CSSMediaRule	https://developer.apple.com/documentation/webkitjs/cssmediarule
CSSPageRule	https://developer.apple.com/documentation/webkitjs/csspagerule
CSSRule	https://developer.apple.com/documentation/webkitjs/cssrule
CSSRuleList	https://developer.apple.com/documentation/webkitjs/cssrulelist
CSSStyleDeclaration	https://developer.apple.com/documentation/webkitjs/cssstyledeclaration
CSSStyleRule	https://developer.apple.com/documentation/webkitjs/cssstylerule
CSSStyleSheet	https://developer.apple.com/documentation/webkitjs/cssstylesheet
CSSSupportsRule	https://developer.apple.com/documentation/webkitjs/csssupportsrule
CSSUnknownRule	https://developer.apple.com/documentation/webkitjs/cssunknownrule
CanvasPattern	https://developer.apple.com/documentation/webkitjs/canvaspattern
ChannelMergerNode	https://developer.apple.com/documentation/webkitjs/channelmergernode
ChannelSplitterNode	https://developer.apple.com/documentation/webkitjs/channelsplitternode
CharacterData	https://developer.apple.com/documentation/tvmljs/characterdata
ChildNode	https://developer.apple.com/documentation/webkitjs/childnode
ClientRect	https://developer.apple.com/documentation/webkitjs/clientrect
ClientRectList	https://developer.apple.com/documentation/webkitjs/clientrectlist
CloseEvent	https://developer.apple.com/documentation/webkitjs/closeevent
CommandLineAPIHost	https://developer.apple.com/documentation/webkitjs/commandlineapihost
Comment	https://developer.apple.com/documentation/tvmljs/comment
CompositionEvent	https://developer.apple.com/documentation/webkitjs/compositionevent
ConvolverNode	https://developer.apple.com/documentation/webkitjs/convolvernode
Coordinates	https://developer.apple.com/documentation/webkitjs/coordinates
CountQueuingStrategy	https://developer.apple.com/documentation/webkitjs/countqueuingstrategy
Crypto	https://developer.apple.com/documentation/webkitjs/crypto
CryptoKey	https://developer.apple.com/documentation/webkitjs/cryptokey
CustomEvent	https://developer.apple.com/documentation/tvmljs/customevent
DOMCSSNamespace	https://developer.apple.com/documentation/webkitjs/domcssnamespace
DOMError	https://developer.apple.com/documentation/webkitjs/domerror
DOMFormData	https://developer.apple.com/documentation/webkitjs/domformdata
DOMImplementation	https://developer.apple.com/documentation/tvmljs/domimplementation
DOMMimeType	https://developer.apple.com/documentation/webkitjs/dommimetype
DOMMimeTypeArray	https://developer.apple.com/documentation/webkitjs/dommimetypearray
DOMNamedFlowCollection	https://developer.apple.com/documentation/webkitjs/domnamedflowcollection
DOMParser	https://developer.apple.com/documentation/tvmljs/domparser
DOMPath	https://developer.apple.com/documentation/webkitjs/dompath
DOMPlugin	https://developer.apple.com/documentation/webkitjs/domplugin
DOMPluginArray	https://developer.apple.com/documentation/webkitjs/dompluginarray
DOMSelection	https://developer.apple.com/documentation/webkitjs/domselection
DOMStringList	https://developer.apple.com/documentation/webkitjs/domstringlist
DOMStringMap	https://developer.apple.com/documentation/webkitjs/domstringmap
DOMTokenList	https://developer.apple.com/documentation/webkitjs/domtokenlist
DOMURL	https://developer.apple.com/documentation/webkitjs/domurl
DOMWindow	https://developer.apple.com/documentation/webkitjs/domwindow
DataCue	https://developer.apple.com/documentation/webkitjs/datacue
DataTransfer	https://developer.apple.com/documentation/webkitjs/datatransfer
Database	https://developer.apple.com/documentation/webkitjs/database
DedicatedWorkerGlobalScope	https://developer.apple.com/documentation/webkitjs/dedicatedworkerglobalscope
DelayNode	https://developer.apple.com/documentation/webkitjs/delaynode
DocumentFragment	https://developer.apple.com/documentation/tvmljs/documentfragment
DocumentType	https://developer.apple.com/documentation/webkitjs/documenttype
DynamicsCompressorNode	https://developer.apple.com/documentation/webkitjs/dynamicscompressornode
EXTBlendMinMax	https://developer.apple.com/documentation/webkitjs/extblendminmax
EXTFragDepth	https://developer.apple.com/documentation/webkitjs/extfragdepth
EXTShaderTextureLOD	https://developer.apple.com/documentation/webkitjs/extshadertexturelod
EXTTextureFilterAnisotropic	https://developer.apple.com/documentation/webkitjs/exttexturefilteranisotropic
EXTsRGB	https://developer.apple.com/documentation/webkitjs/extsrgb
ErrorEvent	https://developer.apple.com/documentation/webkitjs/errorevent
Event	https://developer.apple.com/documentation/tvmljs/event
EventListener	https://developer.apple.com/documentation/webkitjs/eventlistener
EventSource	https://developer.apple.com/documentation/webkitjs/eventsource
EventTarget	https://developer.apple.com/documentation/tvmljs/eventtarget
File	https://developer.apple.com/documentation/webkitjs/file
FileError	https://developer.apple.com/documentation/webkitjs/fileerror
FileList	https://developer.apple.com/documentation/webkitjs/filelist
FileReader	https://developer.apple.com/documentation/webkitjs/filereader
FileReaderSync	https://developer.apple.com/documentation/webkitjs/filereadersync
FocusEvent	https://developer.apple.com/documentation/webkitjs/focusevent
FontFace	https://developer.apple.com/documentation/webkitjs/fontface
FontFaceSet	https://developer.apple.com/documentation/webkitjs/fontfaceset
GCObservation	https://developer.apple.com/documentation/webkitjs/gcobservation
GainNode	https://developer.apple.com/documentation/webkitjs/gainnode
Geolocation	https://developer.apple.com/documentation/webkitjs/geolocation
Geoposition	https://developer.apple.com/documentation/webkitjs/geoposition
GlobalEventHandlers	https://developer.apple.com/documentation/webkitjs/globaleventhandlers
HTMLAllCollection	https://developer.apple.com/documentation/webkitjs/htmlallcollection
HTMLAnchorElement	https://developer.apple.com/documentation/webkitjs/htmlanchorelement
HTMLAppletElement	https://developer.apple.com/documentation/webkitjs/htmlappletelement
HTMLAreaElement	https://developer.apple.com/documentation/webkitjs/htmlareaelement
HTMLAttachmentElement	https://developer.apple.com/documentation/webkitjs/htmlattachmentelement
HTMLBRElement	https://developer.apple.com/documentation/webkitjs/htmlbrelement
HTMLBaseElement	https://developer.apple.com/documentation/webkitjs/htmlbaseelement
HTMLBodyElement	https://developer.apple.com/documentation/webkitjs/htmlbodyelement
HTMLButtonElement	https://developer.apple.com/documentation/webkitjs/htmlbuttonelement
HTMLCollection	https://developer.apple.com/documentation/tvmljs/htmlcollection
HTMLDListElement	https://developer.apple.com/documentation/webkitjs/htmldlistelement
HTMLDataElement	https://developer.apple.com/documentation/webkitjs/htmldataelement
HTMLDetailsElement	https://developer.apple.com/documentation/webkitjs/htmldetailselement
HTMLDirectoryElement	https://developer.apple.com/documentation/webkitjs/htmldirectoryelement
HTMLDivElement	https://developer.apple.com/documentation/webkitjs/htmldivelement
HTMLDocument	https://developer.apple.com/documentation/webkitjs/htmldocument
HTMLElement	https://developer.apple.com/documentation/webkitjs/htmlelement
HTMLEmbedElement	https://developer.apple.com/documentation/webkitjs/htmlembedelement
HTMLFieldSetElement	https://developer.apple.com/documentation/webkitjs/htmlfieldsetelement
HTMLFontElement	https://developer.apple.com/documentation/webkitjs/htmlfontelement
HTMLFormControlsCollection	https://developer.apple.com/documentation/webkitjs/htmlformcontrolscollection
HTMLFormElement	https://developer.apple.com/documentation/webkitjs/htmlformelement
HTMLFrameElement	https://developer.apple.com/documentation/webkitjs/htmlframeelement
HTMLFrameSetElement	https://developer.apple.com/documentation/webkitjs/htmlframesetelement
HTMLHRElement	https://developer.apple.com/documentation/webkitjs/htmlhrelement
HTMLHeadElement	https://developer.apple.com/documentation/webkitjs/htmlheadelement
HTMLHeadingElement	https://developer.apple.com/documentation/webkitjs/htmlheadingelement
HTMLHtmlElement	https://developer.apple.com/documentation/webkitjs/htmlhtmlelement
HTMLHyperlinkElementUtils	https://developer.apple.com/documentation/webkitjs/htmlhyperlinkelementutils
HTMLIFrameElement	https://developer.apple.com/documentation/webkitjs/htmliframeelement
HTMLImageElement	https://developer.apple.com/documentation/webkitjs/htmlimageelement
HTMLInputElement	https://developer.apple.com/documentation/webkitjs/htmlinputelement
HTMLKeygenElement	https://developer.apple.com/documentation/webkitjs/htmlkeygenelement
HTMLLIElement	https://developer.apple.com/documentation/webkitjs/htmllielement
HTMLLabelElement	https://developer.apple.com/documentation/webkitjs/htmllabelelement
HTMLLegendElement	https://developer.apple.com/documentation/webkitjs/htmllegendelement
HTMLLinkElement	https://developer.apple.com/documentation/webkitjs/htmllinkelement
HTMLMapElement	https://developer.apple.com/documentation/webkitjs/htmlmapelement
HTMLMarqueeElement	https://developer.apple.com/documentation/webkitjs/htmlmarqueeelement
HTMLMenuElement	https://developer.apple.com/documentation/webkitjs/htmlmenuelement
HTMLMetaElement	https://developer.apple.com/documentation/webkitjs/htmlmetaelement
HTMLMeterElement	https://developer.apple.com/documentation/webkitjs/htmlmeterelement
HTMLModElement	https://developer.apple.com/documentation/webkitjs/htmlmodelement
HTMLOListElement	https://developer.apple.com/documentation/webkitjs/htmlolistelement
HTMLObjectElement	https://developer.apple.com/documentation/webkitjs/htmlobjectelement
HTMLOptGroupElement	https://developer.apple.com/documentation/webkitjs/htmloptgroupelement
HTMLOptionElement	https://developer.apple.com/documentation/webkitjs/htmloptionelement
HTMLOptionsCollection	https://developer.apple.com/documentation/webkitjs/htmloptionscollection
HTMLOutputElement	https://developer.apple.com/documentation/webkitjs/htmloutputelement
HTMLParagraphElement	https://developer.apple.com/documentation/webkitjs/htmlparagraphelement
HTMLParamElement	https://developer.apple.com/documentation/webkitjs/htmlparamelement
HTMLPictureElement	https://developer.apple.com/documentation/webkitjs/htmlpictureelement
HTMLPreElement	https://developer.apple.com/documentation/webkitjs/htmlpreelement
HTMLProgressElement	https://developer.apple.com/documentation/webkitjs/htmlprogresselement
HTMLQuoteElement	https://developer.apple.com/documentation/webkitjs/htmlquoteelement
HTMLScriptElement	https://developer.apple.com/documentation/webkitjs/htmlscriptelement
HTMLSelectElement	https://developer.apple.com/documentation/webkitjs/htmlselectelement
HTMLSlotElement	https://developer.apple.com/documentation/webkitjs/htmlslotelement
HTMLSourceElement	https://developer.apple.com/documentation/webkitjs/htmlsourceelement
HTMLSpanElement	https://developer.apple.com/documentation/webkitjs/htmlspanelement
HTMLStyleElement	https://developer.apple.com/documentation/webkitjs/htmlstyleelement
HTMLTableCaptionElement	https://developer.apple.com/documentation/webkitjs/htmltablecaptionelement
HTMLTableCellElement	https://developer.apple.com/documentation/webkitjs/htmltablecellelement
HTMLTableColElement	https://developer.apple.com/documentation/webkitjs/htmltablecolelement
HTMLTableElement	https://developer.apple.com/documentation/webkitjs/htmltableelement
HTMLTableRowElement	https://developer.apple.com/documentation/webkitjs/htmltablerowelement
HTMLTableSectionElement	https://developer.apple.com/documentation/webkitjs/htmltablesectionelement
HTMLTemplateElement	https://developer.apple.com/documentation/webkitjs/htmltemplateelement
HTMLTextAreaElement	https://developer.apple.com/documentation/webkitjs/htmltextareaelement
HTMLTimeElement	https://developer.apple.com/documentation/webkitjs/htmltimeelement
HTMLTitleElement	https://developer.apple.com/documentation/webkitjs/htmltitleelement
HTMLTrackElement	https://developer.apple.com/documentation/webkitjs/htmltrackelement
HTMLUListElement	https://developer.apple.com/documentation/webkitjs/htmlulistelement
HTMLUnknownElement	https://developer.apple.com/documentation/webkitjs/htmlunknownelement
HashChangeEvent	https://developer.apple.com/documentation/webkitjs/hashchangeevent
History	https://developer.apple.com/documentation/webkitjs/history
IDBCursor	https://developer.apple.com/documentation/webkitjs/idbcursor
IDBCursorWithValue	https://developer.apple.com/documentation/webkitjs/idbcursorwithvalue
IDBDatabase	https://developer.apple.com/documentation/webkitjs/idbdatabase
IDBFactory	https://developer.apple.com/documentation/webkitjs/idbfactory
IDBIndex	https://developer.apple.com/documentation/webkitjs/idbindex
IDBKeyRange	https://developer.apple.com/documentation/webkitjs/idbkeyrange
IDBObjectStore	https://developer.apple.com/documentation/webkitjs/idbobjectstore
IDBOpenDBRequest	https://developer.apple.com/documentation/webkitjs/idbopendbrequest
IDBRequest	https://developer.apple.com/documentation/webkitjs/idbrequest
IDBTransaction	https://developer.apple.com/documentation/webkitjs/idbtransaction
IDBVersionChangeEvent	https://developer.apple.com/documentation/webkitjs/idbversionchangeevent
ImageData	https://developer.apple.com/documentation/webkitjs/imagedata
InspectorFrontendHost	https://developer.apple.com/documentation/webkitjs/inspectorfrontendhost
InterfaceName	https://developer.apple.com/documentation/webkitjs/interfacename
InternalSettings	https://developer.apple.com/documentation/webkitjs/internalsettings
KeyboardEvent	https://developer.apple.com/documentation/webkitjs/keyboardevent
Location	https://developer.apple.com/documentation/webkitjs/location
MallocStatistics	https://developer.apple.com/documentation/webkitjs/mallocstatistics
MediaController	https://developer.apple.com/documentation/webkitjs/mediacontroller
MediaControlsHost	https://developer.apple.com/documentation/webkitjs/mediacontrolshost
MediaElementAudioSourceNode	https://developer.apple.com/documentation/webkitjs/mediaelementaudiosourcenode
MediaError	https://developer.apple.com/documentation/webkitjs/mediaerror
MediaList	https://developer.apple.com/documentation/webkitjs/medialist
MediaQueryList	https://developer.apple.com/documentation/webkitjs/mediaquerylist
MediaSource	https://developer.apple.com/documentation/webkitjs/mediasource
MediaStreamAudioDestinationNode	https://developer.apple.com/documentation/webkitjs/mediastreamaudiodestinationnode
MediaStreamAudioSourceNode	https://developer.apple.com/documentation/webkitjs/mediastreamaudiosourcenode
MemoryInfo	https://developer.apple.com/documentation/webkitjs/memoryinfo
MessageChannel	https://developer.apple.com/documentation/webkitjs/messagechannel
MessageEvent	https://developer.apple.com/documentation/webkitjs/messageevent
MessagePort	https://developer.apple.com/documentation/webkitjs/messageport
MockContentFilterSettings	https://developer.apple.com/documentation/webkitjs/mockcontentfiltersettings
MockPageOverlay	https://developer.apple.com/documentation/webkitjs/mockpageoverlay
MouseEvent	https://developer.apple.com/documentation/webkitjs/mouseevent
MutationEvent	https://developer.apple.com/documentation/webkitjs/mutationevent
MutationObserver	https://developer.apple.com/documentation/webkitjs/mutationobserver
MutationRecord	https://developer.apple.com/documentation/webkitjs/mutationrecord
NamedNodeMap	https://developer.apple.com/documentation/tvmljs/namednodemap
Navigator	https://developer.apple.com/documentation/webkitjs/navigator
NavigatorConcurrentHardware	https://developer.apple.com/documentation/webkitjs/navigatorconcurrenthardware
NavigatorID	https://developer.apple.com/documentation/webkitjs/navigatorid
NavigatorLanguage	https://developer.apple.com/documentation/webkitjs/navigatorlanguage
NavigatorOnLine	https://developer.apple.com/documentation/webkitjs/navigatoronline
Node	https://developer.apple.com/documentation/tvmljs/node
NodeFilter	https://developer.apple.com/documentation/webkitjs/nodefilter
NodeIterator	https://developer.apple.com/documentation/webkitjs/nodeiterator
NodeList	https://developer.apple.com/documentation/tvmljs/nodelist
NonDocumentTypeChildNode	https://developer.apple.com/documentation/webkitjs/nondocumenttypechildnode
NonElementParentNode	https://developer.apple.com/documentation/webkitjs/nonelementparentnode
Notification	https://developer.apple.com/documentation/webkitjs/notification
NotificationCenter	https://developer.apple.com/documentation/webkitjs/notificationcenter
OESElementIndexUint	https://developer.apple.com/documentation/webkitjs/oeselementindexuint
OESStandardDerivatives	https://developer.apple.com/documentation/webkitjs/oesstandardderivatives
OESTextureFloat	https://developer.apple.com/documentation/webkitjs/oestexturefloat
OESTextureFloatLinear	https://developer.apple.com/documentation/webkitjs/oestexturefloatlinear
OESTextureHalfFloat	https://developer.apple.com/documentation/webkitjs/oestexturehalffloat
OESTextureHalfFloatLinear	https://developer.apple.com/documentation/webkitjs/oestexturehalffloatlinear
OESVertexArrayObject	https://developer.apple.com/documentation/webkitjs/oesvertexarrayobject
OfflineAudioCompletionEvent	https://developer.apple.com/documentation/webkitjs/offlineaudiocompletionevent
OfflineAudioContext	https://developer.apple.com/documentation/webkitjs/offlineaudiocontext
OscillatorNode	https://developer.apple.com/documentation/webkitjs/oscillatornode
OverflowEvent	https://developer.apple.com/documentation/webkitjs/overflowevent
PageTransitionEvent	https://developer.apple.com/documentation/webkitjs/pagetransitionevent
PannerNode	https://developer.apple.com/documentation/webkitjs/pannernode
ParentNode	https://developer.apple.com/documentation/tvmljs/parentnode
Performance	https://developer.apple.com/documentation/webkitjs/performance
PerformanceEntry	https://developer.apple.com/documentation/webkitjs/performanceentry
PerformanceEntryList	https://developer.apple.com/documentation/webkitjs/performanceentrylist
PerformanceNavigation	https://developer.apple.com/documentation/webkitjs/performancenavigation
PerformanceResourceTiming	https://developer.apple.com/documentation/webkitjs/performanceresourcetiming
PerformanceTiming	https://developer.apple.com/documentation/webkitjs/performancetiming
PeriodicWave	https://developer.apple.com/documentation/webkitjs/periodicwave
PopStateEvent	https://developer.apple.com/documentation/webkitjs/popstateevent
PositionError	https://developer.apple.com/documentation/webkitjs/positionerror
ProcessingInstruction	https://developer.apple.com/documentation/webkitjs/processinginstruction
ProgressEvent	https://developer.apple.com/documentation/webkitjs/progressevent
QuickTimePluginReplacement	https://developer.apple.com/documentation/webkitjs/quicktimepluginreplacement
RadioNodeList	https://developer.apple.com/documentation/webkitjs/radionodelist
Range	https://developer.apple.com/documentation/webkitjs/range
ReadableStream	https://developer.apple.com/documentation/webkitjs/readablestream
ReadableStreamSource	https://developer.apple.com/documentation/webkitjs/readablestreamsource
SQLError	https://developer.apple.com/documentation/webkitjs/sqlerror
SQLResultSet	https://developer.apple.com/documentation/webkitjs/sqlresultset
SQLResultSetRowList	https://developer.apple.com/documentation/webkitjs/sqlresultsetrowlist
SQLTransaction	https://developer.apple.com/documentation/webkitjs/sqltransaction
SVGAElement	https://developer.apple.com/documentation/webkitjs/svgaelement
SVGAltGlyphDefElement	https://developer.apple.com/documentation/webkitjs/svgaltglyphdefelement
SVGAltGlyphElement	https://developer.apple.com/documentation/webkitjs/svgaltglyphelement
SVGAltGlyphItemElement	https://developer.apple.com/documentation/webkitjs/svgaltglyphitemelement
SVGAngle	https://developer.apple.com/documentation/webkitjs/svgangle
SVGAnimateColorElement	https://developer.apple.com/documentation/webkitjs/svganimatecolorelement
SVGAnimateElement	https://developer.apple.com/documentation/webkitjs/svganimateelement
SVGAnimateMotionElement	https://developer.apple.com/documentation/webkitjs/svganimatemotionelement
SVGAnimateTransformElement	https://developer.apple.com/documentation/webkitjs/svganimatetransformelement
SVGAnimatedAngle	https://developer.apple.com/documentation/webkitjs/svganimatedangle
SVGAnimatedBoolean	https://developer.apple.com/documentation/webkitjs/svganimatedboolean
SVGAnimatedEnumeration	https://developer.apple.com/documentation/webkitjs/svganimatedenumeration
SVGAnimatedInteger	https://developer.apple.com/documentation/webkitjs/svganimatedinteger
SVGAnimatedLength	https://developer.apple.com/documentation/webkitjs/svganimatedlength
SVGAnimatedLengthList	https://developer.apple.com/documentation/webkitjs/svganimatedlengthlist
SVGAnimatedNumber	https://developer.apple.com/documentation/webkitjs/svganimatednumber
SVGAnimatedNumberList	https://developer.apple.com/documentation/webkitjs/svganimatednumberlist
SVGAnimatedPreserveAspectRatio	https://developer.apple.com/documentation/webkitjs/svganimatedpreserveaspectratio
SVGAnimatedRect	https://developer.apple.com/documentation/webkitjs/svganimatedrect
SVGAnimatedString	https://developer.apple.com/documentation/webkitjs/svganimatedstring
SVGAnimatedTransformList	https://developer.apple.com/documentation/webkitjs/svganimatedtransformlist
SVGAnimationElement	https://developer.apple.com/documentation/webkitjs/svganimationelement
SVGCircleElement	https://developer.apple.com/documentation/webkitjs/svgcircleelement
SVGClipPathElement	https://developer.apple.com/documentation/webkitjs/svgclippathelement
SVGComponentTransferFunctionElement	https://developer.apple.com/documentation/webkitjs/svgcomponenttransferfunctionelement
SVGCursorElement	https://developer.apple.com/documentation/webkitjs/svgcursorelement
SVGDefsElement	https://developer.apple.com/documentation/webkitjs/svgdefselement
SVGDescElement	https://developer.apple.com/documentation/webkitjs/svgdescelement
SVGElement	https://developer.apple.com/documentation/webkitjs/svgelement
SVGEllipseElement	https://developer.apple.com/documentation/webkitjs/svgellipseelement
SVGExternalResourcesRequired	https://developer.apple.com/documentation/webkitjs/svgexternalresourcesrequired
SVGFEBlendElement	https://developer.apple.com/documentation/webkitjs/svgfeblendelement
SVGFEColorMatrixElement	https://developer.apple.com/documentation/webkitjs/svgfecolormatrixelement
SVGFEComponentTransferElement	https://developer.apple.com/documentation/webkitjs/svgfecomponenttransferelement
SVGFECompositeElement	https://developer.apple.com/documentation/webkitjs/svgfecompositeelement
SVGFEConvolveMatrixElement	https://developer.apple.com/documentation/webkitjs/svgfeconvolvematrixelement
SVGFEDiffuseLightingElement	https://developer.apple.com/documentation/webkitjs/svgfediffuselightingelement
SVGFEDisplacementMapElement	https://developer.apple.com/documentation/webkitjs/svgfedisplacementmapelement
SVGFEDistantLightElement	https://developer.apple.com/documentation/webkitjs/svgfedistantlightelement
SVGFEDropShadowElement	https://developer.apple.com/documentation/webkitjs/svgfedropshadowelement
SVGFEFloodElement	https://developer.apple.com/documentation/webkitjs/svgfefloodelement
SVGFEFuncAElement	https://developer.apple.com/documentation/webkitjs/svgfefuncaelement
SVGFEFuncBElement	https://developer.apple.com/documentation/webkitjs/svgfefuncbelement
SVGFEFuncGElement	https://developer.apple.com/documentation/webkitjs/svgfefuncgelement
SVGFEFuncRElement	https://developer.apple.com/documentation/webkitjs/svgfefuncrelement
SVGFEGaussianBlurElement	https://developer.apple.com/documentation/webkitjs/svgfegaussianblurelement
SVGFEImageElement	https://developer.apple.com/documentation/webkitjs/svgfeimageelement
SVGFEMergeElement	https://developer.apple.com/documentation/webkitjs/svgfemergeelement
SVGFEMergeNodeElement	https://developer.apple.com/documentation/webkitjs/svgfemergenodeelement
SVGFEMorphologyElement	https://developer.apple.com/documentation/webkitjs/svgfemorphologyelement
SVGFEOffsetElement	https://developer.apple.com/documentation/webkitjs/svgfeoffsetelement
SVGFEPointLightElement	https://developer.apple.com/documentation/webkitjs/svgfepointlightelement
SVGFESpecularLightingElement	https://developer.apple.com/documentation/webkitjs/svgfespecularlightingelement
SVGFESpotLightElement	https://developer.apple.com/documentation/webkitjs/svgfespotlightelement
SVGFETileElement	https://developer.apple.com/documentation/webkitjs/svgfetileelement
SVGFETurbulenceElement	https://developer.apple.com/documentation/webkitjs/svgfeturbulenceelement
SVGFilterElement	https://developer.apple.com/documentation/webkitjs/svgfilterelement
SVGFilterPrimitiveStandardAttributes	https://developer.apple.com/documentation/webkitjs/svgfilterprimitivestandardattributes
SVGFitToViewBox	https://developer.apple.com/documentation/webkitjs/svgfittoviewbox
SVGFontElement	https://developer.apple.com/documentation/webkitjs/svgfontelement
SVGFontFaceElement	https://developer.apple.com/documentation/webkitjs/svgfontfaceelement
SVGFontFaceFormatElement	https://developer.apple.com/documentation/webkitjs/svgfontfaceformatelement
SVGFontFaceNameElement	https://developer.apple.com/documentation/webkitjs/svgfontfacenameelement
SVGFontFaceSrcElement	https://developer.apple.com/documentation/webkitjs/svgfontfacesrcelement
SVGFontFaceUriElement	https://developer.apple.com/documentation/webkitjs/svgfontfaceurielement
SVGForeignObjectElement	https://developer.apple.com/documentation/webkitjs/svgforeignobjectelement
SVGGElement	https://developer.apple.com/documentation/webkitjs/svggelement
SVGGlyphElement	https://developer.apple.com/documentation/webkitjs/svgglyphelement
SVGGlyphRefElement	https://developer.apple.com/documentation/webkitjs/svgglyphrefelement
SVGGradientElement	https://developer.apple.com/documentation/webkitjs/svggradientelement
SVGGraphicsElement	https://developer.apple.com/documentation/webkitjs/svggraphicselement
SVGHKernElement	https://developer.apple.com/documentation/webkitjs/svghkernelement
SVGImageElement	https://developer.apple.com/documentation/webkitjs/svgimageelement
SVGLength	https://developer.apple.com/documentation/webkitjs/svglength
SVGLengthList	https://developer.apple.com/documentation/webkitjs/svglengthlist
SVGLineElement	https://developer.apple.com/documentation/webkitjs/svglineelement
SVGLinearGradientElement	https://developer.apple.com/documentation/webkitjs/svglineargradientelement
SVGMPathElement	https://developer.apple.com/documentation/webkitjs/svgmpathelement
SVGMarkerElement	https://developer.apple.com/documentation/webkitjs/svgmarkerelement
SVGMaskElement	https://developer.apple.com/documentation/webkitjs/svgmaskelement
SVGMatrix	https://developer.apple.com/documentation/webkitjs/svgmatrix
SVGMetadataElement	https://developer.apple.com/documentation/webkitjs/svgmetadataelement
SVGMissingGlyphElement	https://developer.apple.com/documentation/webkitjs/svgmissingglyphelement
SVGNumber	https://developer.apple.com/documentation/webkitjs/svgnumber
SVGNumberList	https://developer.apple.com/documentation/webkitjs/svgnumberlist
SVGPathElement	https://developer.apple.com/documentation/webkitjs/svgpathelement
SVGPathSeg	https://developer.apple.com/documentation/webkitjs/svgpathseg
SVGPathSegArcAbs	https://developer.apple.com/documentation/webkitjs/svgpathsegarcabs
SVGPathSegArcRel	https://developer.apple.com/documentation/webkitjs/svgpathsegarcrel
SVGPathSegClosePath	https://developer.apple.com/documentation/webkitjs/svgpathsegclosepath
SVGPathSegCurvetoCubicAbs	https://developer.apple.com/documentation/webkitjs/svgpathsegcurvetocubicabs
SVGPathSegCurvetoCubicRel	https://developer.apple.com/documentation/webkitjs/svgpathsegcurvetocubicrel
SVGPathSegCurvetoCubicSmoothAbs	https://developer.apple.com/documentation/webkitjs/svgpathsegcurvetocubicsmoothabs
SVGPathSegCurvetoCubicSmoothRel	https://developer.apple.com/documentation/webkitjs/svgpathsegcurvetocubicsmoothrel
SVGPathSegCurvetoQuadraticAbs	https://developer.apple.com/documentation/webkitjs/svgpathsegcurvetoquadraticabs
SVGPathSegCurvetoQuadraticRel	https://developer.apple.com/documentation/webkitjs/svgpathsegcurvetoquadraticrel
SVGPathSegCurvetoQuadraticSmoothAbs	https://developer.apple.com/documentation/webkitjs/svgpathsegcurvetoquadraticsmoothabs
SVGPathSegCurvetoQuadraticSmoothRel	https://developer.apple.com/documentation/webkitjs/svgpathsegcurvetoquadraticsmoothrel
SVGPathSegLinetoAbs	https://developer.apple.com/documentation/webkitjs/svgpathseglinetoabs
SVGPathSegLinetoHorizontalAbs	https://developer.apple.com/documentation/webkitjs/svgpathseglinetohorizontalabs
SVGPathSegLinetoHorizontalRel	https://developer.apple.com/documentation/webkitjs/svgpathseglinetohorizontalrel
SVGPathSegLinetoRel	https://developer.apple.com/documentation/webkitjs/svgpathseglinetorel
SVGPathSegLinetoVerticalAbs	https://developer.apple.com/documentation/webkitjs/svgpathseglinetoverticalabs
SVGPathSegLinetoVerticalRel	https://developer.apple.com/documentation/webkitjs/svgpathseglinetoverticalrel
SVGPathSegList	https://developer.apple.com/documentation/webkitjs/svgpathseglist
SVGPathSegMovetoAbs	https://developer.apple.com/documentation/webkitjs/svgpathsegmovetoabs
SVGPathSegMovetoRel	https://developer.apple.com/documentation/webkitjs/svgpathsegmovetorel
SVGPatternElement	https://developer.apple.com/documentation/webkitjs/svgpatternelement
SVGPoint	https://developer.apple.com/documentation/webkitjs/svgpoint-s40
SVGPointList	https://developer.apple.com/documentation/webkitjs/svgpointlist
SVGPolygonElement	https://developer.apple.com/documentation/webkitjs/svgpolygonelement
SVGPolylineElement	https://developer.apple.com/documentation/webkitjs/svgpolylineelement
SVGPreserveAspectRatio	https://developer.apple.com/documentation/webkitjs/svgpreserveaspectratio
SVGRadialGradientElement	https://developer.apple.com/documentation/webkitjs/svgradialgradientelement
SVGRect	https://developer.apple.com/documentation/webkitjs/svgrect
SVGRectElement	https://developer.apple.com/documentation/webkitjs/svgrectelement
SVGRenderingIntent	https://developer.apple.com/documentation/webkitjs/svgrenderingintent
SVGSVGElement	https://developer.apple.com/documentation/webkitjs/svgsvgelement
SVGScriptElement	https://developer.apple.com/documentation/webkitjs/svgscriptelement
SVGSetElement	https://developer.apple.com/documentation/webkitjs/svgsetelement
SVGStopElement	https://developer.apple.com/documentation/webkitjs/svgstopelement
SVGStringList	https://developer.apple.com/documentation/webkitjs/svgstringlist
SVGStyleElement	https://developer.apple.com/documentation/webkitjs/svgstyleelement
SVGSwitchElement	https://developer.apple.com/documentation/webkitjs/svgswitchelement
SVGSymbolElement	https://developer.apple.com/documentation/webkitjs/svgsymbolelement
SVGTRefElement	https://developer.apple.com/documentation/webkitjs/svgtrefelement
SVGTSpanElement	https://developer.apple.com/documentation/webkitjs/svgtspanelement
SVGTests	https://developer.apple.com/documentation/webkitjs/svgtests
SVGTextContentElement	https://developer.apple.com/documentation/webkitjs/svgtextcontentelement
SVGTextElement	https://developer.apple.com/documentation/webkitjs/svgtextelement
SVGTextPathElement	https://developer.apple.com/documentation/webkitjs/svgtextpathelement
SVGTextPositioningElement	https://developer.apple.com/documentation/webkitjs/svgtextpositioningelement
SVGTitleElement	https://developer.apple.com/documentation/webkitjs/svgtitleelement
SVGTransform	https://developer.apple.com/documentation/webkitjs/svgtransform
SVGTransformList	https://developer.apple.com/documentation/webkitjs/svgtransformlist
SVGURIReference	https://developer.apple.com/documentation/webkitjs/svgurireference
SVGUnitTypes	https://developer.apple.com/documentation/webkitjs/svgunittypes
SVGUseElement	https://developer.apple.com/documentation/webkitjs/svguseelement
SVGVKernElement	https://developer.apple.com/documentation/webkitjs/svgvkernelement
SVGViewElement	https://developer.apple.com/documentation/webkitjs/svgviewelement
SVGViewSpec	https://developer.apple.com/documentation/webkitjs/svgviewspec
SVGZoomAndPan	https://developer.apple.com/documentation/webkitjs/svgzoomandpan
SVGZoomEvent	https://developer.apple.com/documentation/webkitjs/svgzoomevent
Screen	https://developer.apple.com/documentation/webkitjs/screen
ScriptProcessorNode	https://developer.apple.com/documentation/webkitjs/scriptprocessornode
SecurityPolicyViolationEvent	https://developer.apple.com/documentation/webkitjs/securitypolicyviolationevent
ShadowRoot	https://developer.apple.com/documentation/webkitjs/shadowroot
Slotable	https://developer.apple.com/documentation/webkitjs/slotable
SourceBuffer	https://developer.apple.com/documentation/webkitjs/sourcebuffer
SourceBufferList	https://developer.apple.com/documentation/webkitjs/sourcebufferlist
SpeechSynthesis	https://developer.apple.com/documentation/webkitjs/speechsynthesis
SpeechSynthesisEvent	https://developer.apple.com/documentation/webkitjs/speechsynthesisevent
SpeechSynthesisUtterance	https://developer.apple.com/documentation/webkitjs/speechsynthesisutterance
SpeechSynthesisVoice	https://developer.apple.com/documentation/webkitjs/speechsynthesisvoice
StorageEvent	https://developer.apple.com/documentation/webkitjs/storageevent
StyleSheet	https://developer.apple.com/documentation/webkitjs/stylesheet
StyleSheetList	https://developer.apple.com/documentation/webkitjs/stylesheetlist
SubtleCrypto	https://developer.apple.com/documentation/webkitjs/subtlecrypto
TestActiveDOMObject	https://developer.apple.com/documentation/webkitjs/testactivedomobject
TestClassWithJSBuiltinConstructor	https://developer.apple.com/documentation/webkitjs/testclasswithjsbuiltinconstructor
TestCustomConstructorWithNoInterfaceObject	https://developer.apple.com/documentation/webkitjs/testcustomconstructorwithnointerfaceobject
TestCustomNamedGetter	https://developer.apple.com/documentation/webkitjs/testcustomnamedgetter
TestEventTarget	https://developer.apple.com/documentation/webkitjs/testeventtarget
TestGenerateIsReachable	https://developer.apple.com/documentation/webkitjs/testgenerateisreachable
TestIterable	https://developer.apple.com/documentation/webkitjs/testiterable
TestJSBuiltinConstructor	https://developer.apple.com/documentation/webkitjs/testjsbuiltinconstructor
TestMediaQueryListListener	https://developer.apple.com/documentation/webkitjs/testmediaquerylistlistener
TestNamedConstructor	https://developer.apple.com/documentation/webkitjs/testnamedconstructor
TestNode	https://developer.apple.com/documentation/webkitjs/testnode
TestOverloadedConstructors	https://developer.apple.com/documentation/webkitjs/testoverloadedconstructors
TestOverrideBuiltins	https://developer.apple.com/documentation/webkitjs/testoverridebuiltins
TestTypedefs	https://developer.apple.com/documentation/webkitjs/testtypedefs
Text	https://developer.apple.com/documentation/tvmljs/text
TextEvent	https://developer.apple.com/documentation/webkitjs/textevent
TextMetrics	https://developer.apple.com/documentation/webkitjs/textmetrics
TextTrack	https://developer.apple.com/documentation/webkitjs/texttrack
TextTrackCue	https://developer.apple.com/documentation/webkitjs/texttrackcue
TextTrackCueList	https://developer.apple.com/documentation/webkitjs/texttrackcuelist
TextTrackList	https://developer.apple.com/documentation/webkitjs/texttracklist
TimeRanges	https://developer.apple.com/documentation/webkitjs/timeranges
TrackEvent	https://developer.apple.com/documentation/webkitjs/trackevent
TransitionEvent	https://developer.apple.com/documentation/webkitjs/transitionevent
TreeWalker	https://developer.apple.com/documentation/webkitjs/treewalker
TypeConversions	https://developer.apple.com/documentation/webkitjs/typeconversions
UIEvent	https://developer.apple.com/documentation/webkitjs/uievent
URLUtils	https://developer.apple.com/documentation/webkitjs/urlutils
UserMessageHandler	https://developer.apple.com/documentation/webkitjs/usermessagehandler
UserMessageHandlersNamespace	https://developer.apple.com/documentation/webkitjs/usermessagehandlersnamespace
VTTCue	https://developer.apple.com/documentation/webkitjs/vttcue
VTTRegion	https://developer.apple.com/documentation/webkitjs/vttregion
VTTRegionList	https://developer.apple.com/documentation/webkitjs/vttregionlist
ValidityState	https://developer.apple.com/documentation/webkitjs/validitystate
VideoPlaybackQuality	https://developer.apple.com/documentation/webkitjs/videoplaybackquality
VideoTrack	https://developer.apple.com/documentation/webkitjs/videotrack
VideoTrackList	https://developer.apple.com/documentation/webkitjs/videotracklist
WaveShaperNode	https://developer.apple.com/documentation/webkitjs/waveshapernode
WebGL2RenderingContext	https://developer.apple.com/documentation/webkitjs/webgl2renderingcontext
WebGLActiveInfo	https://developer.apple.com/documentation/webkitjs/webglactiveinfo
WebGLBuffer	https://developer.apple.com/documentation/webkitjs/webglbuffer
WebGLCompressedTextureATC	https://developer.apple.com/documentation/webkitjs/webglcompressedtextureatc
WebGLCompressedTexturePVRTC	https://developer.apple.com/documentation/webkitjs/webglcompressedtexturepvrtc
WebGLCompressedTextureS3TC	https://developer.apple.com/documentation/webkitjs/webglcompressedtextures3tc
WebGLContextEvent	https://developer.apple.com/documentation/webkitjs/webglcontextevent
WebGLDebugRendererInfo	https://developer.apple.com/documentation/webkitjs/webgldebugrendererinfo
WebGLDebugShaders	https://developer.apple.com/documentation/webkitjs/webgldebugshaders
WebGLDepthTexture	https://developer.apple.com/documentation/webkitjs/webgldepthtexture
WebGLDrawBuffers	https://developer.apple.com/documentation/webkitjs/webgldrawbuffers
WebGLFramebuffer	https://developer.apple.com/documentation/webkitjs/webglframebuffer
WebGLLoseContext	https://developer.apple.com/documentation/webkitjs/webgllosecontext
WebGLProgram	https://developer.apple.com/documentation/webkitjs/webglprogram
WebGLQuery	https://developer.apple.com/documentation/webkitjs/webglquery
WebGLRenderbuffer	https://developer.apple.com/documentation/webkitjs/webglrenderbuffer
WebGLRenderingContext	https://developer.apple.com/documentation/webkitjs/webglrenderingcontext
WebGLRenderingContextBase	https://developer.apple.com/documentation/webkitjs/webglrenderingcontextbase
WebGLSampler	https://developer.apple.com/documentation/webkitjs/webglsampler
WebGLShader	https://developer.apple.com/documentation/webkitjs/webglshader
WebGLShaderPrecisionFormat	https://developer.apple.com/documentation/webkitjs/webglshaderprecisionformat
WebGLSync	https://developer.apple.com/documentation/webkitjs/webglsync
WebGLTexture	https://developer.apple.com/documentation/webkitjs/webgltexture
WebGLTransformFeedback	https://developer.apple.com/documentation/webkitjs/webgltransformfeedback
WebGLUniformLocation	https://developer.apple.com/documentation/webkitjs/webgluniformlocation
WebGLVertexArrayObject	https://developer.apple.com/documentation/webkitjs/webglvertexarrayobject
WebGLVertexArrayObjectOES	https://developer.apple.com/documentation/webkitjs/webglvertexarrayobjectoes
WebKitCSSRegionRule	https://developer.apple.com/documentation/webkitjs/webkitcssregionrule
WebKitNamedFlow	https://developer.apple.com/documentation/webkitjs/webkitnamedflow
WebKitNamespace	https://developer.apple.com/documentation/webkitjs/webkitnamespace
WebKitPlaybackTargetAvailabilityEvent	https://developer.apple.com/documentation/webkitjs/webkitplaybacktargetavailabilityevent
WebSocket	https://developer.apple.com/documentation/webkitjs/websocket
WheelEvent	https://developer.apple.com/documentation/webkitjs/wheelevent
WindowEventHandlers	https://developer.apple.com/documentation/webkitjs/windoweventhandlers
WindowOrWorkerGlobalScope	https://developer.apple.com/documentation/webkitjs/windoworworkerglobalscope
Worker	https://developer.apple.com/documentation/webkitjs/worker
WorkerGlobalScope	https://developer.apple.com/documentation/webkitjs/workerglobalscope
WorkerLocation	https://developer.apple.com/documentation/webkitjs/workerlocation
WorkerNavigator	https://developer.apple.com/documentation/webkitjs/workernavigator
WritableStream	https://developer.apple.com/documentation/webkitjs/writablestream
XMLDocument	https://developer.apple.com/documentation/webkitjs/xmldocument
XMLHttpRequestEventTarget	https://developer.apple.com/documentation/webkitjs/xmlhttprequesteventtarget
XMLHttpRequestProgressEvent	https://developer.apple.com/documentation/webkitjs/xmlhttprequestprogressevent
XMLHttpRequestUpload	https://developer.apple.com/documentation/webkitjs/xmlhttprequestupload
XMLSerializer	https://developer.apple.com/documentation/tvmljs/xmlserializer
XPathEvaluator	https://developer.apple.com/documentation/tvmljs/xpathevaluator
XPathExpression	https://developer.apple.com/documentation/tvmljs/xpathexpression
XPathNSResolver	https://developer.apple.com/documentation/webkitjs/xpathnsresolver
XPathResult	https://developer.apple.com/documentation/tvmljs/xpathresult
XSLTProcessor	https://developer.apple.com/documentation/webkitjs/xsltprocessor
Animatable	https://developer.apple.com/documentation/webkitjs/animatable
AnimationEffect	https://developer.apple.com/documentation/webkitjs/animationeffect
AnimationTimeline	https://developer.apple.com/documentation/webkitjs/animationtimeline
CSSNamespaceRule	https://developer.apple.com/documentation/webkitjs/cssnamespacerule
CanvasPath	https://developer.apple.com/documentation/webkitjs/canvaspath
ClipboardEvent	https://developer.apple.com/documentation/webkitjs/clipboardevent
CustomElementRegistry	https://developer.apple.com/documentation/webkitjs/customelementregistry
DOMPoint	https://developer.apple.com/documentation/webkitjs/dompoint
DOMPointReadOnly	https://developer.apple.com/documentation/webkitjs/dompointreadonly
DOMRect	https://developer.apple.com/documentation/webkitjs/domrect
DOMRectReadOnly	https://developer.apple.com/documentation/webkitjs/domrectreadonly
DeprecatedCSSOMCounter	https://developer.apple.com/documentation/webkitjs/deprecatedcssomcounter
DeprecatedCSSOMPrimitiveValue	https://developer.apple.com/documentation/webkitjs/deprecatedcssomprimitivevalue
DeprecatedCSSOMRGBColor	https://developer.apple.com/documentation/webkitjs/deprecatedcssomrgbcolor
DeprecatedCSSOMRect	https://developer.apple.com/documentation/webkitjs/deprecatedcssomrect
DeprecatedCSSOMValue	https://developer.apple.com/documentation/webkitjs/deprecatedcssomvalue
DeprecatedCSSOMValueList	https://developer.apple.com/documentation/webkitjs/deprecatedcssomvaluelist
DocumentOrShadowRoot	https://developer.apple.com/documentation/webkitjs/documentorshadowroot
DocumentTimeline	https://developer.apple.com/documentation/webkitjs/documenttimeline
FetchBody	https://developer.apple.com/documentation/webkitjs/fetchbody
FetchHeaders	https://developer.apple.com/documentation/webkitjs/fetchheaders
FetchRequest	https://developer.apple.com/documentation/webkitjs/fetchrequest
FetchResponse	https://developer.apple.com/documentation/webkitjs/fetchresponse
Gamepad	https://developer.apple.com/documentation/webkitjs/gamepad
GamepadButton	https://developer.apple.com/documentation/webkitjs/gamepadbutton
GamepadEvent	https://developer.apple.com/documentation/webkitjs/gamepadevent
GamepadList	https://developer.apple.com/documentation/webkitjs/gamepadlist
GlobalCrypto	https://developer.apple.com/documentation/webkitjs/globalcrypto
InputEvent	https://developer.apple.com/documentation/webkitjs/inputevent
KeyframeEffect	https://developer.apple.com/documentation/webkitjs/keyframeeffect
ReadableByteStreamController	https://developer.apple.com/documentation/webkitjs/readablebytestreamcontroller
ReadableStreamDefaultController	https://developer.apple.com/documentation/webkitjs/readablestreamdefaultcontroller
ReadableStreamDefaultReader	https://developer.apple.com/documentation/webkitjs/readablestreamdefaultreader
StaticRange	https://developer.apple.com/documentation/webkitjs/staticrange
TestCEReactions	https://developer.apple.com/documentation/webkitjs/testcereactions
TestCEReactionsStringifier	https://developer.apple.com/documentation/webkitjs/testcereactionsstringifier
TestCallbackInterface	https://developer.apple.com/documentation/webkitjs/testcallbackinterface
TestDOMJIT	https://developer.apple.com/documentation/webkitjs/testdomjit
TestEventConstructor	https://developer.apple.com/documentation/webkitjs/testeventconstructor
TestOverloadedConstructorsWithSequence	https://developer.apple.com/documentation/webkitjs/testoverloadedconstructorswithsequence
TestSerialization	https://developer.apple.com/documentation/webkitjs/testserialization
TextDecoder	https://developer.apple.com/documentation/webkitjs/textdecoder
TextEncoder	https://developer.apple.com/documentation/webkitjs/textencoder
URLSearchParams	https://developer.apple.com/documentation/webkitjs/urlsearchparams
WebAnimation	https://developer.apple.com/documentation/webkitjs/webanimation
WebKitMediaKeyError	https://developer.apple.com/documentation/webkitjs/webkitmediakeyerror
WebKitMediaKeyMessageEvent	https://developer.apple.com/documentation/webkitjs/webkitmediakeymessageevent
WebKitMediaKeyNeededEvent	https://developer.apple.com/documentation/webkitjs/webkitmediakeyneededevent
WebKitMediaKeySession	https://developer.apple.com/documentation/webkitjs/webkitmediakeysession
WebKitMediaKeys	https://developer.apple.com/documentation/webkitjs/webkitmediakeys
WebKitSubtleCrypto	https://developer.apple.com/documentation/webkitjs/webkitsubtlecrypto
